[
  {
    "id": 1,
    "firstName": "John",
    "lastName": "Smith",
    "age": 35,
    "gender": "Male",
    "employeeID": "EMP001",
    "department": "Zookeepers",
    "salary": 50000.0
  },
  {
    "id": 2,
    "firstName": "Jane",
    "lastName": "Doe",
    "age": 28,
    "gender": "Female",
    "employeeID": "EMP002",
    "department": "Zookeepers",
    "salary": 48000.0
  },
  {
    "id": 3,
    "firstName": "Michael",
    "lastName": "Johnson",
    "age": 40,
    "gender": "Male",
    "employeeID": "EMP003",
    "department": "Zookeepers",
    "salary": 52000.0
  },
  {
    "id": 4,
    "firstName": "Emily",
    "lastName": "Brown",
    "age": 25,
    "gender": "Female",
    "employeeID": "EMP004",
    "department": "Zookeepers",
    "salary": 46000.0
  },
  {
    "id": 5,
    "firstName": "David",
    "lastName": "Davis",
    "age": 30,
    "gender": "Male",
    "employeeID": "EMP005",
    "department": "Veterinarians",
    "salary": 60000.0
  },
  {
    "id": 6,
    "firstName": "Olivia",
    "lastName": "Jones",
    "age": 32,
    "gender": "Female",
    "employeeID": "EMP006",
    "department": "Veterinarians",
    "salary": 62000.0
  },
  {
    "id": 7,
    "firstName": "Daniel",
    "lastName": "Wilson",
    "age": 24,
    "gender": "Male",
    "employeeID": "EMP007",
    "department": "Administrative",
    "salary": 55000.0
  },
  {
    "id": 8,
    "firstName": "Sophia",
    "lastName": "Taylor",
    "age": 22,
    "gender": "Female",
    "employeeID": "EMP008",
    "department": "Administrative",
    "salary": 54000.0
  },
  {
    "id": 9,
    "firstName": "William",
    "lastName": "Martinez",
    "age": 45,
    "gender": "Male",
    "employeeID": "EMP009",
    "department": "Security",
    "salary": 58000.0
  },
  {
    "id": 10,
    "firstName": "Ava",
    "lastName": "Garcia",
    "age": 38,
    "gender": "Female",
    "employeeID": "EMP010",
    "department": "Security",
    "salary": 57000.0
  },
  {
    "id": 11,
    "firstName": "Ethan",
    "lastName": "Anderson",
    "age": 28,
    "gender": "Male",
    "employeeID": "EMP011",
    "department": "Cafeteria",
    "salary": 49000.0
  },
  {
    "id": 12,
    "firstName": "Mia",
    "lastName": "Moore",
    "age": 26,
    "gender": "Female",
    "employeeID": "EMP012",
    "department": "Cafeteria",
    "salary": 48000.0
  },
  {
    "id": 13,
    "firstName": "James",
    "lastName": "Lee",
    "age": 32,
    "gender": "Male",
    "employeeID": "EMP013",
    "department": "Maintenance",
    "salary": 56000.0
  },
  {
    "id": 14,
    "firstName": "Emma",
    "lastName": "Clark",
    "age": 30,
    "gender": "Female",
    "employeeID": "EMP014",
    "department": "Maintenance",
    "salary": 55000.0
  },
  {
    "id": 15,
    "firstName": "Benjamin",
    "lastName": "Thomas",
    "age": 37,
    "gender": "Male",
    "employeeID": "EMP015",
    "department": "Education",
    "salary": 60000.0
  }
]
